DM_stat,DM_pvalue,loss,horizon
2.331365796617233,0.02085397972428793,squared_error,1
