Model,RMSE_variance,MAE_variance
GARCH (GJR),0.5900369556171099,0.43935688474868545
SVR,0.4837077262167614,0.29407441837357784
