DM_stat,DM_pvalue,loss,horizon
-0.9127724184567747,0.36259686533882096,squared_error,1
