Model,RMSE_variance,MAE_variance
GARCH (GJR),2.560778597380622,1.1878051859296714
SVR,3.045826872930082,0.7346201683159155
